GUID,ARTIST,TRACK,AIRTIME
e4b59158-4d6e-450a-1603-46b7f08b5251,Dr. Alban,It's My Life,2022-07-06T23:54:50+02:00
20fb7559-551a-4937-40b1-c4409e16bf75,Destiny's Child,Bug a Boo,2022-07-06T23:51:34+02:00
159045c3-9a7d-45db-3aba-2e8a39c6a308,The Farm,Altogether Now,2022-07-06T23:47:16+02:00
6db7fd17-5dbe-4780-02b8-110295081655,Masterboy,Mister Feeling,2022-07-06T23:43:31+02:00
f981a8dc-85a3-4478-3f97-a1a00e7f5438,Backstreet Boys,I Want It That Way,2022-07-06T23:40:05+02:00
ef872f7d-fd07-4736-f955-5d3139348856,Haddaway,What Is Love,2022-07-06T23:35:42+02:00
f61759aa-1334-4f2a-1b21-70a9e0855342,Red Hot Chili Peppers,Under the Bridge,2022-07-06T23:31:24+02:00
ad0ecf51-0c10-4646-ce86-d7ed1eaa70d7,Jamiroquai,Cosmic Girl,2022-07-06T23:27:24+02:00
2970cb6f-a625-4510-fcdb-d5e5824d6e59,Santana,Maria Maria (feat. The Product G&B),2022-07-06T23:23:14+02:00
6df2fbb6-9749-4cd3-b053-eeeb1b815a3f,Sixpence None the Richer,Kiss Me,2022-07-06T23:19:48+02:00
03baef38-06f6-4532-ca5b-373771735283,Enrique Iglesias,Rhythm Divine,2022-07-06T23:15:52+02:00
374b2d49-f4d0-48fd-1be2-50da031748b5,Radiohead,Creep,2022-07-06T23:12:04+02:00
f9fa2729-3f66-4222-288e-04a52fbdb775,Spice Girls,Wannabe,2022-07-06T23:08:24+02:00
bd4a0cc7-c503-4615-fcf2-65943072cbd0,Moby,Why Does My Heart Feel So Bad?,2022-07-06T23:04:51+02:00
7fafe4f1-3d91-42e4-b40e-0cc2e36526ad,MC Hammer,U Can't Touch This,2022-07-06T23:00:32+02:00
840730e0-e0d2-434c-ffdc-7d73438c67a3,Fun Factory,I Wanna B with U,2022-07-06T22:56:40+02:00
42985efa-761d-4123-4476-ac7021f90e14,Echt,Du trägst keine Liebe in dir,2022-07-06T22:52:58+02:00
18865438-b02d-474a-b82a-eb1688f5b44c,Jessica,How Will I Know (Who You Are),2022-07-06T22:49:32+02:00
a4eae039-ecb0-47cb-b262-84d3fb0d0c55,Snap!,Ooops Up,2022-07-06T22:45:07+02:00
11c081ce-0fb2-46a8-db0c-4a2ec24cce88,Puff Daddy & Faith Evans,I'll Be Missing You (feat. 112),2022-07-06T22:40:14+02:00
f4fef207-933b-4884-3d7e-64584c79b24a,Deee-Lite,Groove Is In the Heart,2022-07-06T22:36:44+02:00
2aecd08a-b655-4188-1bbf-9d2f28d69b5e,Alanis Morissette,Ironic,2022-07-06T22:32:57+02:00
79e81b03-27d8-4e61-916a-e9eb7c8ed0f2,Ace of Base,The Sign,2022-07-06T22:29:53+02:00
933a0131-a16c-43c0-bd89-11b917fa39cb,Haddaway,Life,2022-07-06T22:25:12+02:00
027d65ea-c7b0-4faa-0216-6b64885ae178,Blondie,Maria,2022-07-06T22:21:17+02:00
348ea559-0417-4b9d-b008-341086b344c8,Prince Ital Joe & Marky Mark,Life In The Streets,2022-07-06T22:17:17+02:00
310a0b44-d7cf-4f51-8de4-e5bbcd4caec0,DJ Bobo,There Is a Party,2022-07-06T22:13:06+02:00
a0d7256c-ca73-4efa-d872-28a02b02369b,Will Smith,Miami,2022-07-06T22:09:39+02:00
d650091e-8ff8-4ccf-70a6-a8bafbd3216e,Spin Doctors,Two Princes,2022-07-06T22:05:39+02:00
c5e98ce8-dfa2-417c-4b13-53a9996e3fc9,TLC,Unpretty,2022-07-06T22:01:44+02:00
b57e54da-a1bc-4dea-5a88-908e226cd156,Lisa Stansfield,Change,2022-07-06T21:57:17+02:00
e7a46176-7164-4de4-8b15-2d05934b1022,Culture Beat,Mr. Vain,2022-07-06T21:52:53+02:00
c9509b8d-2aec-49e4-b87e-f01dbc5f96b7,Robbie Williams,No Regrets,2022-07-06T21:48:51+02:00
b4e9991d-d347-4158-7863-9d344c5bf238,Fugees,Ready or Not,2022-07-06T21:44:41+02:00
13d4e837-3db9-445c-c87d-189b84982c6a,Right Said Fred,Don't Talk Just Kiss,2022-07-06T21:41:35+02:00
53db664e-01d9-42e7-e128-fdef08e3de4a,Texas,Summer Son,2022-07-06T21:37:35+02:00
924e936d-8de8-4c14-fcae-51f312af43c1,Michael Jackson,Who Is It,2022-07-06T21:33:56+02:00
a8527d9d-5dd5-4289-56f9-156907287d09,Jennifer Lopez,Let's Get Loud,2022-07-06T21:30:02+02:00
705803b5-9603-4eda-9e37-5b1025ac0df8,Lene Marlin,Sitting Down Here,2022-07-06T21:25:52+02:00
f5c2e496-b54a-49b1-fbcd-d2f6f491517a,Deep Blue Something,Breakfast At Tiffany's,2022-07-06T21:21:48+02:00
9253e709-9cb2-4d41-bf29-59b6b2d6f9cf,Cher,Believe,2022-07-06T21:17:33+02:00
54145609-1c2f-4cd4-9d6d-a5e24391bb55,Roxette,It Must Have Been Love,2022-07-06T21:08:59+02:00
42488ebb-797d-42ad-477e-23b2e382c2f3,Seal,Crazy,2022-07-06T21:04:52+02:00
586c4ee4-080f-42d1-3ba8-06e655a38694,C-Block,Time Is Tickin,2022-07-06T21:00:57+02:00
f84a2267-d908-47a4-a97b-591ab5825ebc,Kate Yanai,Summer Dreamin' (Bacardi Feeling),2022-07-06T20:57:03+02:00
a0116f4e-2e17-46ea-052f-9537bd34ef52,Whigfield,Saturday Night,2022-07-06T20:53:03+02:00
ba2ccdd5-2ff5-4eec-38d1-54e50e46ba85,Whitney Houston,My Love Is Your Love,2022-07-06T20:49:04+02:00
0789dd7e-f403-484d-9bcc-1a3c50055b59,Ace of Base,Travel to Romantis,2022-07-06T20:44:59+02:00
226c1f6e-3cda-4de2-5021-3e06ccc38408,Pet Shop Boys,Go West,2022-07-06T20:40:20+02:00
d5e813f6-979e-4745-5ac3-f27ab46e8891,Die Fantastischen Vier,Die Da!?!,2022-07-06T20:36:54+02:00
bca33840-f819-454c-37a1-391aa50e6d9b,The Cardigans,Lovefool,2022-07-06T20:33:31+02:00
58c14db8-a318-4484-70c6-e77c4455bccf,Prince Ital Joe & Marky Mark,United,2022-07-06T20:29:41+02:00
b82608a9-ec95-4701-ae92-ecbb63eb9b9c,Mr. President,Coco Jamboo,2022-07-06T20:25:31+02:00
7f0329d9-35b0-4eeb-537e-c3e868a4cef3,Coolio,Gangsta's Paradise,2022-07-06T20:21:32+02:00
4f88c7da-f44c-48c4-53e8-772f9d1639e4,Depeche Mode,It's No Good,2022-07-06T20:13:42+02:00
0db2b243-cc07-4631-78c0-be5ef3c4f8e0,Dr. Alban,Sing Hallelujah!,2022-07-06T20:09:06+02:00
fc60a482-83dd-4f6a-7624-8cb9c1628445,Take That,Back for Good,2022-07-06T20:05:17+02:00
e1e83cb7-6ffd-4642-dc18-38fa4d655a69,Simply Red,Fairground,2022-07-06T20:01:02+02:00
488015a9-66ed-4c2e-8d72-48391b0bdf74,Diana King,Shy Guy,2022-07-06T19:55:53+02:00
19a494d6-08df-46d8-32f7-c0a85768e33d,Captain Hollywood Project,More and More,2022-07-06T19:52:04+02:00
f376fe85-a809-46db-5420-8fce64678649,Khaled,Aicha,2022-07-06T19:48:04+02:00
54bc2056-eb68-4cf3-3745-b9078627c157,Loona,Mamboleo,2022-07-06T19:43:54+02:00
94e28c1b-481d-4207-a7ed-5ccbc9154df4,New Radicals,You Get What You Give,2022-07-06T19:39:49+02:00
51b9a258-3aa2-478b-b787-d16b2ef5b01e,Janet Jackson,Whoops Now,2022-07-06T19:36:35+02:00
42e412c0-0450-4ce0-c329-37e5bd535c07,Right Said Fred,I'm Too Sexy,2022-07-06T19:33:55+02:00
e61531c2-9c3a-4de1-6ab6-5943d3cb770e,Chesney Hawkes,The One and Only,2022-07-06T19:30:30+02:00
d018ad23-737c-43aa-3a0e-40c6fb37b0e0,S Club 7,Bring It All Back,2022-07-06T19:26:37+02:00
fede4506-5c10-47eb-3abf-1a1ef7485272,Lighthouse Family,High,2022-07-06T19:22:09+02:00
72de498f-53f6-426d-28de-460e442f3534,Vengaboys,We’re Going to Ibiza!,2022-07-06T19:18:06+02:00
d13cf967-4519-4e65-5c97-cb9c22640401,P.M. Sampson & Double Key,We Love to Love,2022-07-06T19:14:32+02:00
8c5c8a17-6a07-46ca-8be5-2165e8c2db83,Aqua,Barbie Girl,2022-07-06T19:10:35+02:00
c0f14c05-7a46-47fa-b473-88bfe012e9ee,Charles & Eddie,Would I Lie To You,2022-07-06T19:07:11+02:00
41cb6cc8-ec2d-4db1-160e-4ef232d641c9,Jamiroquai,Virtual Insanity,2022-07-06T19:03:35+02:00
69c93071-dec8-4da4-c919-038834c0d8e0,Enigma,Return To Innocence,2022-07-06T18:57:52+02:00
e6c3dc09-2804-4566-ab8b-29dfae51bfdd,Meredith Brooks,Bitch,2022-07-06T18:54:00+02:00
30ae074e-bf52-46de-1fa0-9ef524ffc185,Brandy & Monica,The Boy Is Mine,2022-07-06T18:50:04+02:00
5bc334db-eaa6-4883-6bf7-0e2fe880a6fa,Whitney Houston,My Name Is Not Susan,2022-07-06T18:45:48+02:00
fb613fee-6433-484b-15ab-6366d1d14a64,Robbie Williams,Angels,2022-07-06T18:42:01+02:00
2d8182c8-63cd-40f6-9e54-c327d37d9fb8,George Michael,Freedom! '90,2022-07-06T18:33:13+02:00
92478582-6421-4344-1413-a73b1585c63f,Depeche Mode,Enjoy the Silence,2022-07-06T18:29:11+02:00
01e33bdb-0776-41b8-3f9a-a6e1b8560b2e,Ace of Base,All That She Wants,2022-07-06T18:25:14+02:00
18f369aa-69a1-4a8c-1faf-b24864e8b200,Loft,Summer Summer 2k21,2022-07-06T18:20:44+02:00
2ee236b0-ce9a-4dae-1ffd-37ea5132895c,Ricky Martin,María,2022-07-06T18:16:48+02:00
4ca661d5-e4a2-4d60-db7c-5f0e59c18633,Eiffel 65,Blue (Da Ba Dee),2022-07-06T18:12:13+02:00
224ab8a9-dd07-424e-5420-c4092036f745,Massive Attack,Unfinished Sympathy,2022-07-06T18:07:26+02:00
02852b57-b511-494e-98cd-934d72ee2cc4,NANA,Too Much Heaven,2022-07-06T18:03:31+02:00
f861e55f-f22e-44be-e888-c3678f9dae2c,Amy Grant,"Baby, Baby",2022-07-06T17:58:00+02:00
65b3af4d-e212-48c3-c344-1b7cc08254e3,Loona,Bailando,2022-07-06T17:54:31+02:00
2dad950c-9106-42bc-8f79-8f6a7d69c0e6,Britney Spears,(You Drive Me) Crazy,2022-07-06T17:50:42+02:00
679bb041-782f-4d18-ce98-5d1f6e7f1ba2,TNN,La Cucamarcha,2022-07-06T17:46:40+02:00
f07ec1c9-026d-48db-3a10-37f3f9c3a364,Fugees,Killing Me Softly,2022-07-06T17:42:40+02:00
2da7336a-cfdb-4584-03df-6050268ad3ab,Christina Aguilera,Genie in a Bottle,2022-07-06T17:39:04+02:00
0702999f-9fdc-4a60-925a-966bc9a13d2e,Lenny Kravitz,It Ain't Over 'Til It's Over,2022-07-06T17:35:19+02:00
d30304c9-ee7e-4f87-8f32-49bbb001bcc1,Gigi D'Agostino,The Riddle,2022-07-06T17:32:06+02:00
53e4ce02-bc97-4a57-1c5a-b8fa38affb3c,Fettes Brot,Jein,2022-07-06T17:27:08+02:00
e4b59158-4d6e-450a-1603-46b7f08b5251,Dr. Alban,It's My Life,2022-07-06T17:23:17+02:00
22b2ee72-6f40-4e15-4fb1-2941c1cf5d2a,TLC,No Scrubs,2022-07-06T17:19:21+02:00
7b4e8089-0f39-4ddb-d497-3fda3eedb438,The Lemonheads,Mrs. Robinson,2022-07-06T17:15:58+02:00
a9739da5-316b-46d3-628f-8832eefd30d9,Madonna,Frozen,2022-07-06T17:10:46+02:00
d6d38694-68bf-4910-7a5d-f55661e6722e,*NSYNC,Tearin' Up My Heart,2022-07-06T17:07:26+02:00
5d1cb35f-cc8d-439b-8d89-d45d9c5c3c25,Ace of Base,Beautiful Life,2022-07-06T17:03:51+02:00
23a1b354-d893-425b-343c-e8a27ff22982,La Bouche,Be My Lover,2022-07-06T16:58:06+02:00
3bb1aa37-458a-40cb-969b-b76d5c48d645,HIM,Join Me,2022-07-06T16:54:34+02:00
23997639-b4ed-4fd7-8b9c-1810c3aaa21a,Shanice,I Love Your Smile,2022-07-06T16:50:18+02:00
7b0ef0ea-6473-42fe-239a-c923cc784038,Nightcrawlers,Push the Feeling On (Mk Dub Revisited Edit),2022-07-06T16:46:26+02:00
deb8909e-f2f5-4cf5-1607-47762d69b332,Lutricia McNeal,Ain't That Just the Way,2022-07-06T16:43:05+02:00
85e5b991-5707-486f-ec5a-332b214e33c3,Robbie Williams,Let Me Entertain You,2022-07-06T16:39:23+02:00
fc9a99e6-1945-43ad-2726-dc88e4221f01,Everything But the Girl,Missing,2022-07-06T16:35:30+02:00
697bb344-8982-420c-3fb2-dd7624f25a79,Bloodhound Gang,The Bad Touch,2022-07-06T16:31:30+02:00
3e8b76d3-9add-4980-3088-4326209e90e4,Pet Shop Boys,Se a Vida É (That's the Way Life Is),2022-07-06T16:26:50+02:00
bd4a0cc7-c503-4615-fcf2-65943072cbd0,Moby,Why Does My Heart Feel So Bad?,2022-07-06T16:23:05+02:00
4aaa3edb-1d4a-4587-bfd1-b33d27673aa1,Jam & Spoon,Right in the Night (Fall in Love with Music) (feat. Plavka),2022-07-06T16:18:51+02:00
0a052f02-efc9-4c12-eecb-a336f8161e71,Michael Jackson,Remember the Time,2022-07-06T16:14:47+02:00
7fafe4f1-3d91-42e4-b40e-0cc2e36526ad,MC Hammer,U Can't Touch This,2022-07-06T16:10:18+02:00
f981a8dc-85a3-4478-3f97-a1a00e7f5438,Backstreet Boys,I Want It That Way,2022-07-06T16:06:51+02:00
55143467-ed74-4194-68ac-ad7091cc4321,Snap!,Do You See the Light,2022-07-06T16:02:43+02:00
b563207c-5bce-4c3f-46b9-666745a1ecf9,Soul Asylum,Runaway Train,2022-07-06T15:56:40+02:00
ff7a2451-de07-4bcc-895c-2679e4cf9dd6,Jennifer Lopez,If You Had My Love,2022-07-06T15:52:31+02:00
aea5aed0-0488-4771-4d5d-ef3ffafbbf47,Alice Deejay,Better off Alone,2022-07-06T15:49:02+02:00
2b4ea622-2ed5-4ad6-de84-e069c2f378d0,Mariah Carey,Dreamlover,2022-07-06T15:45:12+02:00
3a7a11d9-cda3-4717-f0a8-3a85d449e063,Ini Kamoze,Here Comes the Hotstepper,2022-07-06T15:40:54+02:00
0011a387-832e-4e7b-64f3-6fb35ca2d124,Aerosmith,I Don't Want to Miss a Thing,2022-07-06T15:36:27+02:00
933ba4ba-8533-44f7-88aa-b98bd95abd28,No Mercy,Where Do You Go,2022-07-06T15:32:01+02:00
448810df-ecfa-422c-3b22-3649b91e88a3,TLC,Waterfalls,2022-07-06T15:27:06+02:00
d8a6de43-fb91-4c0f-f614-df45ad226998,Edwyn Collins,A Girl Like You,2022-07-06T15:23:22+02:00
07da3b51-18ad-4a32-cd8e-4c4d692a7072,Bellini,Samba De Janeiro,2022-07-06T15:20:08+02:00
80f5dc80-61ec-47f4-44ec-21dd61a53adb,Crowded House,Weather with You,2022-07-06T15:15:48+02:00
e7a46176-7164-4de4-8b15-2d05934b1022,Culture Beat,Mr. Vain,2022-07-06T15:11:26+02:00
ebe88c65-2863-4140-c26a-b04cda679730,Roxette,Joyride,2022-07-06T15:07:33+02:00
c2a2012c-d376-410a-7a58-ab1eb67d55cd,Annie Lennox,Walking On Broken Glass,2022-07-06T15:03:46+02:00
19cf58c9-97fe-4c00-45c6-16977b959335,Shania Twain,That Don't Impress Me Much,2022-07-06T14:57:58+02:00
79e81b03-27d8-4e61-916a-e9eb7c8ed0f2,Ace of Base,The Sign,2022-07-06T14:54:52+02:00
4ea3a6be-4b5b-4f9b-ea3b-414f73d46adb,Backstreet Boys,We've Got It Goin' On,2022-07-06T14:50:38+02:00
dbfea116-103a-4e5c-7f28-b8c5271dfd97,Madonna,I'll Remember,2022-07-06T14:46:32+02:00
c4805013-46dc-413f-0a2a-7ec0dd5629cf,Robbie Williams,Strong,2022-07-06T14:42:11+02:00
e81b5542-83f1-49c7-074f-73ecc2ce6f01,Jennifer Lopez,Waiting for Tonight,2022-07-06T14:38:12+02:00
18a66355-4f96-495b-ffb9-7b22213169ba,Ten Sharp,You,2022-07-06T14:34:01+02:00
f9fa2729-3f66-4222-288e-04a52fbdb775,Spice Girls,Wannabe,2022-07-06T14:31:19+02:00
988a6b46-1c25-4ff7-3f2d-2a0dec37c14b,Mark Morrison,Return of the Mack (C&J Remix),2022-07-06T14:27:07+02:00
38fb8729-3ba9-4788-33fd-3a07677831cf,The Rembrandts,"Just the Way It Is, Baby",2022-07-06T14:23:19+02:00
7cc91d5e-58d1-4f88-c1fe-349fe6d65fab,Garcia,VAMONOS (HEY CHICO ARE YOU READY),2022-07-06T14:18:56+02:00
be188315-1409-4e66-7260-1002ceabc5a3,Sasha,If You Believe,2022-07-06T14:14:14+02:00
4cc2c0c7-a110-49ff-cdf7-fef9d7ede78f,Britney Spears,...Baby One More Time,2022-07-06T14:10:05+02:00
58c14db8-a318-4484-70c6-e77c4455bccf,Prince Ital Joe & Marky Mark,United,2022-07-06T14:06:14+02:00
d84ecca7-8c53-4437-fd4a-0a400fa33983,Ronan Keating,When You Say Nothing At All,2022-07-06T14:02:16+02:00
759a4806-9b52-448d-2ae9-dff056339508,Savage Garden,Truly Madly Deeply,2022-07-06T13:56:03+02:00
7746b5ad-136d-4453-0f36-e4faaca60c17,Take That,How Deep Is Your Love,2022-07-06T13:51:56+02:00
939034d0-5794-43e9-95a5-e9a195b89474,Bob Marley & Funkstar DeLuxe,Sun Is Shining,2022-07-06T13:47:52+02:00
c0cfccef-24a5-4146-eaa6-9aa5e176daeb,Genesis,I Can't Dance,2022-07-06T13:43:22+02:00
328aca4b-42e9-4aff-48a0-95eff3d1d340,Gala,Freed from Desire,2022-07-06T13:39:57+02:00
d9831e18-2683-4faf-0590-423092a0b2c1,Corona,The Rhythm of the Night,2022-07-06T13:35:58+02:00
0a103551-2926-4c9b-f178-f10b1bf463dc,East 17,Around the World,2022-07-06T13:31:43+02:00
a4eae039-ecb0-47cb-b262-84d3fb0d0c55,Snap!,Ooops Up,2022-07-06T13:26:58+02:00
f15416bd-02e2-4c31-818d-0bed1e15b8b3,No Doubt,Don't Speak,2022-07-06T13:22:49+02:00
54b73429-fca1-4c23-f44e-97871d78ab3c,Michael Jackson,Earth Song,2022-07-06T13:17:34+02:00
ae795198-fecd-423b-6155-1e6fb3784aea,Boyzone,Words,2022-07-06T13:13:05+02:00
d650091e-8ff8-4ccf-70a6-a8bafbd3216e,Spin Doctors,Two Princes,2022-07-06T13:08:39+02:00
532ddf32-4542-4fd2-d4d2-d338d940b073,M.C.Sar & The Real McCoy,Another Night,2022-07-06T13:04:50+02:00
6e946526-f5cb-4cda-e4f0-d1736bba3d20,Jon Secada,Just Another Day,2022-07-06T13:00:29+02:00
d0e20d88-3167-4117-7106-cfd2190e7b2b,DJ Bobo,Everybody,2022-07-06T12:54:48+02:00
54145609-1c2f-4cd4-9d6d-a5e24391bb55,Roxette,It Must Have Been Love,2022-07-06T12:50:03+02:00
7ecafb0b-8baa-4696-cc57-e06872d40ef1,Captain Hollywood Project,Impossible,2022-07-06T12:45:34+02:00
f0c59762-4d9d-4b55-550f-070e75849d86,Take That,Sure,2022-07-06T12:42:14+02:00
474e40bd-5fc9-4e75-a5b7-e453683f4a5c,Janet Jackson,That's the Way Love Goes,2022-07-06T12:37:58+02:00
6a15f247-77e8-46ba-a713-e950d6e4498d,DNA,TOM' S DINER,2022-07-06T12:34:39+02:00
ed9d9f8a-e5ab-419d-e45e-4ad7bd06eaaa,Gigi D'Agostino,L'amour Toujours,2022-07-06T12:31:29+02:00
ba0b1f18-a138-4175-128e-f06c8d737576,Soultans,Can't Take My Hands Off You,2022-07-06T12:26:52+02:00
e6c3dc09-2804-4566-ab8b-29dfae51bfdd,Meredith Brooks,Bitch,2022-07-06T12:22:59+02:00
3cda1e52-a6fa-45c6-921c-a96d2c621564,Vengaboys,"Boom, Boom, Boom, Boom!! (Airplay)",2022-07-06T12:19:12+02:00
2970cb6f-a625-4510-fcdb-d5e5824d6e59,Santana,Maria Maria (feat. The Product G&B),2022-07-06T12:14:15+02:00
d5e813f6-979e-4745-5ac3-f27ab46e8891,Die Fantastischen Vier,Die Da!?!,2022-07-06T12:10:36+02:00
9bec7798-02d5-49e1-53e2-b7a33cc0a757,Michael Jackson,They Don't Care About Us,2022-07-06T12:06:40+02:00
1d7b30ff-6af0-4e95-ca0d-e817f14f1943,The Beloved,Sweet Harmony,2022-07-06T12:02:23+02:00
42488ebb-797d-42ad-477e-23b2e382c2f3,Seal,Crazy,2022-07-06T11:56:10+02:00
ef8b67d3-07ba-412f-f19e-96209996fbfa,C-Block,So Strung Out,2022-07-06T11:52:07+02:00
a0d7256c-ca73-4efa-d872-28a02b02369b,Will Smith,Miami,2022-07-06T11:48:37+02:00
1e4029e9-9c86-4b30-c810-b30fc92cd699,Enigma,Sadness Part 1,2022-07-06T11:44:00+02:00
224ab8a9-dd07-424e-5420-c4092036f745,Massive Attack,Unfinished Sympathy,2022-07-06T11:39:13+02:00
0db2b243-cc07-4631-78c0-be5ef3c4f8e0,Dr. Alban,Sing Hallelujah!,2022-07-06T11:35:16+02:00
6ea03495-152f-4ebb-0a23-ae414f70b99b,Sasha,I'm Still Waitin' (feat. Young Deenay),2022-07-06T11:31:40+02:00
1d78af55-d0a8-4ccb-a8d5-a13e768d54b7,Take That,Everything Changes But You,2022-07-06T11:27:34+02:00
fede4506-5c10-47eb-3abf-1a1ef7485272,Lighthouse Family,High,2022-07-06T11:23:07+02:00
fa59c86a-91f6-4956-e1a9-524127c2d2ba,Londonbeat,You Bring On the Sun,2022-07-06T11:19:14+02:00
baf1d0a6-920c-463f-e0da-eaf11514407d,Snap!,Welcome to Tomorrow,2022-07-06T11:14:05+02:00
ac83f7a7-7088-4a71-0915-c131fc546eab,Sinéad O'Connor,Nothing Compares 2 U,2022-07-06T11:08:49+02:00
01e33bdb-0776-41b8-3f9a-a6e1b8560b2e,Ace of Base,All That She Wants,2022-07-06T11:05:32+02:00
7166b8e5-5078-438c-b8da-7cc59281b2be,OMD,Sailing On The Seven Seas,2022-07-06T11:02:04+02:00
ef872f7d-fd07-4736-f955-5d3139348856,Haddaway,What Is Love,2022-07-06T10:56:12+02:00
be9723ea-b400-4574-2548-d0141a3ac227,East 17,Stay Another Day,2022-07-06T10:51:15+02:00
f707941a-7a77-451f-4c4b-ec2bb59ed645,Adam Clayton & Larry Mullen,Theme From Mission: Impossible,2022-07-06T10:47:43+02:00
d64b86e5-323d-465f-b552-23b9baac1d52,The KLF,Justified and Ancient,2022-07-06T10:42:49+02:00
6f70ad50-3d80-4e69-dde5-639831d806fc,Freundeskreis,A-N-N-A,2022-07-06T10:39:04+02:00
3130e5aa-fb73-4e10-3317-aee94f89a9bc,La Bouche,Sweet Dreams,2022-07-06T10:35:27+02:00
5fe8dee2-739e-46f9-69b9-76f3e6f23884,Robbie Williams,Millennium,2022-07-06T10:32:06+02:00
0029a31e-fd07-46fe-d8db-2231f82b11f2,Chumbawamba,Tubthumping,2022-07-06T10:27:44+02:00
f84a2267-d908-47a4-a97b-591ab5825ebc,Kate Yanai,Summer Dreamin' (Bacardi Feeling),2022-07-06T10:24:23+02:00
51b9a258-3aa2-478b-b787-d16b2ef5b01e,Janet Jackson,Whoops Now,2022-07-06T10:21:06+02:00
e4b59158-4d6e-450a-1603-46b7f08b5251,Dr. Alban,It's My Life,2022-07-06T10:16:44+02:00
bff331e7-c1dc-4f2a-6494-c6196d5e63b6,Bryan Adams feat. Mel C.,When You're Gone,2022-07-06T10:13:28+02:00
ba2ccdd5-2ff5-4eec-38d1-54e50e46ba85,Whitney Houston,My Love Is Your Love,2022-07-06T10:09:04+02:00
92478582-6421-4344-1413-a73b1585c63f,Depeche Mode,Enjoy the Silence,2022-07-06T10:05:02+02:00
c875316f-c894-4acd-cdf5-0e4c045802fc,Maxi Priest,Close to You,2022-07-06T10:01:11+02:00
be92f96d-7b8f-4db6-5ec7-b8ff8b0263a4,Will Smith,Gettin' Jiggy Wit It,2022-07-06T09:55:33+02:00
fc60a482-83dd-4f6a-7624-8cb9c1628445,Take That,Back for Good,2022-07-06T09:51:44+02:00
8fd261e2-626b-4cf3-26b9-f0a46028a349,*NSYNC,I Want You Back,2022-07-06T09:47:50+02:00
b82608a9-ec95-4701-ae92-ecbb63eb9b9c,Mr. President,Coco Jamboo,2022-07-06T09:44:02+02:00
beb9939e-6aaa-4153-bcdc-4bd0dd03e838,Madonna,The Power of Good-Bye,2022-07-06T09:39:44+02:00
2aecd08a-b655-4188-1bbf-9d2f28d69b5e,Alanis Morissette,Ironic,2022-07-06T09:36:11+02:00
13d4e837-3db9-445c-c87d-189b84982c6a,Right Said Fred,Don't Talk Just Kiss,2022-07-06T09:33:15+02:00
6be89670-8954-4dc8-5f09-9ced286a8fdd,B*Witched,Blame It On the Weatherman,2022-07-06T09:30:01+02:00
e91e285b-7e06-44a4-d607-b172013a1f57,U96,Club Bizzare,2022-07-06T09:25:21+02:00
b563207c-5bce-4c3f-46b9-666745a1ecf9,Soul Asylum,Runaway Train,2022-07-06T09:21:17+02:00
d742599f-94bb-409f-abcc-471fe8d80e8f,B.G. The Prince of Rap,The Colour of My Dreams,2022-07-06T09:16:54+02:00
0b010966-143a-4f3c-93af-6681b309b6de,Seal,Kiss from a Rose,2022-07-06T09:11:51+02:00
e223ddcc-c1af-4d04-9710-f03270caffcb,Michael Jackson,Black Or White,2022-07-06T09:08:14+02:00
42985efa-761d-4123-4476-ac7021f90e14,Echt,Du trägst keine Liebe in dir,2022-07-06T09:04:36+02:00
8ba9e2fc-a7cb-454c-0dc0-0a9ad9ddaf08,NANA,Lonely,2022-07-06T09:00:35+02:00
19a494d6-08df-46d8-32f7-c0a85768e33d,Captain Hollywood Project,More and More,2022-07-06T08:54:23+02:00
10b6448e-4531-43b6-2bc2-e4237f88a24b,Londonbeat,I've Been Thinking About You,2022-07-06T08:50:09+02:00
91865e35-8e4a-425d-3238-d66fdc7d2828,TQ,Westside,2022-07-06T08:46:21+02:00
2b677a60-4e74-4fa6-295c-535f88472889,East 17,Thunder,2022-07-06T08:41:59+02:00
f00448bf-a217-49aa-3173-e6bec8e066f1,Color Me Badd,I Wanna Sex You Up,2022-07-06T08:38:08+02:00
a0116f4e-2e17-46ea-052f-9537bd34ef52,Whigfield,Saturday Night,2022-07-06T08:34:21+02:00
d6d38694-68bf-4910-7a5d-f55661e6722e,*NSYNC,Tearin' Up My Heart,2022-07-06T08:31:01+02:00
e8b7f1d7-633b-4a58-d2ff-1b6103f5e86a,Adamski,Killer,2022-07-06T08:26:04+02:00
6df2fbb6-9749-4cd3-b053-eeeb1b815a3f,Sixpence None the Richer,Kiss Me,2022-07-06T08:22:41+02:00
e81b5542-83f1-49c7-074f-73ecc2ce6f01,Jennifer Lopez,Waiting for Tonight,2022-07-06T08:18:11+02:00
1fdb5a93-4589-4086-fe4b-e66679d17d8e,Take That & Lulu,Relight My Fire,2022-07-06T08:13:22+02:00
d267a142-e940-4ec2-28c3-954b956e9502,Snap!,Rhythm Is a Dancer,2022-07-06T08:09:34+02:00
bca33840-f819-454c-37a1-391aa50e6d9b,The Cardigans,Lovefool,2022-07-06T08:06:24+02:00
0ace4d57-2a68-4834-3ab8-9ac458d725f8,Big Mountain,"Baby, I Love Your Way",2022-07-06T08:02:28+02:00
dd228946-2e8b-47a4-a963-cf03c202ae19,The Offspring,Pretty Fly (For a White Guy),2022-07-06T07:57:19+02:00
79e81b03-27d8-4e61-916a-e9eb7c8ed0f2,Ace of Base,The Sign,2022-07-06T07:54:02+02:00
b21bec5c-6843-45fe-1a63-340fa0a70a78,Andru Donalds,Mishale,2022-07-06T07:49:42+02:00
a8b62958-bda5-41ae-48ff-4f4af749cf8e,Ricky Martin,La Copa de la Vida,2022-07-06T07:45:11+02:00
4031acaa-f07c-442d-5591-01d10e098b24,B.G. The Prince of Rap,Stomp (Full Party,2022-07-06T07:41:19+02:00
3bb1aa37-458a-40cb-969b-b76d5c48d645,HIM,Join Me,2022-07-06T07:37:50+02:00
c0f14c05-7a46-47fa-b473-88bfe012e9ee,Charles & Eddie,Would I Lie To You,2022-07-06T07:34:20+02:00
0f1a742e-b565-461c-83ac-838a2c833513,The KLF,3 A.M. ETERNAL,2022-07-06T07:31:05+02:00
31931506-f369-4eaa-8993-6ffd6e299dca,Robbie Williams,She's the One,2022-07-06T07:26:19+02:00
059a83e2-d96a-4e23-7534-9f3518e16233,Eagle-Eye Cherry,Save Tonight,2022-07-06T07:22:41+02:00
8056f638-1d4a-4b5e-2437-ea93d1473c99,Spike,It Takes Two,2022-07-06T07:18:50+02:00
d7bb5096-1756-4d08-5bcd-8b59b89eef92,Die Ärzte,Mach die Augen zu,2022-07-06T07:14:41+02:00
f981a8dc-85a3-4478-3f97-a1a00e7f5438,Backstreet Boys,I Want It That Way,2022-07-06T07:10:44+02:00
7f0329d9-35b0-4eeb-537e-c3e868a4cef3,Coolio,Gangsta's Paradise,2022-07-06T07:06:47+02:00
19d5353a-3399-44a8-6388-948b0e90471b,Rollergirl,Dear Jessie [Radio Edit]],2022-07-06T07:02:48+02:00
a9739da5-316b-46d3-628f-8832eefd30d9,Madonna,Frozen,2022-07-06T06:55:44+02:00
983fd7b6-d8e8-4e0a-121f-2e3d99a1fa70,Caught In the Act,Love Is Everywhere,2022-07-06T06:51:13+02:00
32990561-247f-4053-8440-5ecc290c0c35,Dr. Alban,No Coke,2022-07-06T06:47:36+02:00
f61759aa-1334-4f2a-1b21-70a9e0855342,Red Hot Chili Peppers,Under the Bridge,2022-07-06T06:42:58+02:00
9da8decd-f80e-49ae-534b-581ee7387c26,Scatman John,Scatman's World,2022-07-06T06:39:21+02:00
3cd31c4d-0af2-4e28-2dcd-e25af73eda50,4 Non Blondes,What's Up?,2022-07-06T06:35:20+02:00
328aca4b-42e9-4aff-48a0-95eff3d1d340,Gala,Freed from Desire,2022-07-06T06:31:55+02:00
5e7acb53-a5c3-49eb-e2ba-5a9fda8c9a46,Sin With Sebastian,Shut Up (And Sleep With Me),2022-07-06T06:27:36+02:00
bf24b726-1c81-46db-6369-bd85ab2c2116,Inner Circle,Sweat (A La La La La Long),2022-07-06T06:23:53+02:00
58c14db8-a318-4484-70c6-e77c4455bccf,Prince Ital Joe & Marky Mark,United,2022-07-06T06:20:01+02:00
53db664e-01d9-42e7-e128-fdef08e3de4a,Texas,Summer Son,2022-07-06T06:15:45+02:00
bf29f472-ac2b-4e92-defb-c5868f0fd0e5,Opus III,It's A Fine Day,2022-07-06T06:12:19+02:00
95883d00-7d34-44d0-3581-227ae461cb01,Nirvana,Smells Like Teen Spirit,2022-07-06T06:07:50+02:00
f9fa2729-3f66-4222-288e-04a52fbdb775,Spice Girls,Wannabe,2022-07-06T06:05:07+02:00
a7736fb8-cde5-4f4b-e4da-d2ac45c2427c,Pappa Bear feat. van der Toorn,Cherish,2022-07-06T06:01:15+02:00
e6c3dc09-2804-4566-ab8b-29dfae51bfdd,Meredith Brooks,Bitch,2022-07-06T05:55:27+02:00
3b35e21b-d9d1-49fd-1cd6-f8040d742ad2,The Cranberries,Zombie,2022-07-06T05:51:21+02:00
37e228bf-cdf4-41ec-969c-ef83da9c43a3,NANA,Darkman,2022-07-06T05:47:11+02:00
3cda1e52-a6fa-45c6-921c-a96d2c621564,Vengaboys,"Boom, Boom, Boom, Boom!! (Airplay)",2022-07-06T05:43:54+02:00
f5c2e496-b54a-49b1-fbcd-d2f6f491517a,Deep Blue Something,Breakfast At Tiffany's,2022-07-06T05:39:51+02:00
1d7b30ff-6af0-4e95-ca0d-e817f14f1943,The Beloved,Sweet Harmony,2022-07-06T05:35:46+02:00
7c8d9bff-ad70-4355-43e2-31534d56e8d0,Mr. President,I Give You My Heart,2022-07-06T05:32:16+02:00
7475dc56-99c0-4741-3922-0d4d69044d3e,Daft Punk,Around the World,2022-07-06T05:27:48+02:00
a7439710-19c3-475f-55dd-5d6a755c4f57,Britney Spears,Born to Make You Happy,2022-07-06T05:24:16+02:00
9bec7798-02d5-49e1-53e2-b7a33cc0a757,Michael Jackson,They Don't Care About Us,2022-07-06T05:20:19+02:00
105bda02-823e-4fec-945b-3f834856b8d9,FREUNDESKREIS MIT JOY DENALANE,MIT DIR,2022-07-06T05:15:25+02:00
b3dd2209-a34b-468c-d61b-6d7eaceafa53,Monie Love,It's a Shame (My Sister) (feat. True Image),2022-07-06T05:12:04+02:00
ebe88c65-2863-4140-c26a-b04cda679730,Roxette,Joyride,2022-07-06T05:07:51+02:00
38fb8729-3ba9-4788-33fd-3a07677831cf,The Rembrandts,"Just the Way It Is, Baby",2022-07-06T05:04:05+02:00
e14cc550-f970-4e7f-1a33-21087efbd9f7,New Kids On the Block,Step By Step,2022-07-06T04:59:51+02:00
fede4506-5c10-47eb-3abf-1a1ef7485272,Lighthouse Family,High,2022-07-06T04:54:46+02:00
0f259b4b-ac92-4dab-c7f3-5eb3b17471b4,Enrique Iglesias,Bailamos,2022-07-06T04:51:25+02:00
a05df814-b8f5-45c7-df85-5baaf15b5684,Nick Kamen,I Promised Myself,2022-07-06T04:47:18+02:00
a0b5389f-39b4-48d8-50d3-621256bcf073,MC Sar & The Real McCoy,Another Night,2022-07-06T04:35:19+02:00
2d8182c8-63cd-40f6-9e54-c327d37d9fb8,George Michael,Freedom! '90,2022-07-06T04:30:11+02:00
85c2a604-dbb5-4ebf-6f75-cc3fdfc84db9,Intermission,Piece of My Heart (Single Mix),2022-07-06T04:25:33+02:00
759a4806-9b52-448d-2ae9-dff056339508,Savage Garden,Truly Madly Deeply,2022-07-06T04:21:17+02:00
57f6c77b-e58b-4fdc-30e3-cdbbf694e351,EMF,Unbelievable,2022-07-06T04:17:18+02:00
5b64c56d-e9b0-48d5-29e4-e3e2c35899fe,Los del Río,Macarena,2022-07-06T04:13:28+02:00
4cc2c0c7-a110-49ff-cdf7-fef9d7ede78f,Britney Spears,...Baby One More Time,2022-07-06T04:09:30+02:00
224ab8a9-dd07-424e-5420-c4092036f745,Massive Attack,Unfinished Sympathy,2022-07-06T04:04:43+02:00
7916f1d8-f81e-42fa-3596-36e13e7beef2,E-Rotic,Fred Come to Bed,2022-07-06T04:00:50+02:00
7ac94449-97ad-45ed-91ad-66797054acb0,Cut 'n' Move,Give It Up,2022-07-06T03:56:05+02:00
027d65ea-c7b0-4faa-0216-6b64885ae178,Blondie,Maria,2022-07-06T03:52:09+02:00
c49c02dc-685f-4167-d939-37e4f1b6a554,2Pac,California Love,2022-07-06T03:48:16+02:00
c85a001e-8f09-4aa2-b970-f584e63854e0,Lenny Kravitz,Fly Away,2022-07-06T03:44:45+02:00
9db9b974-d59e-4580-1fcc-051f7d3ce319,Heath Hunter & The Pleasure Company,Revolution In Paradise,2022-07-06T03:41:21+02:00
2da7336a-cfdb-4584-03df-6050268ad3ab,Christina Aguilera,Genie in a Bottle,2022-07-06T03:37:48+02:00
e7a46176-7164-4de4-8b15-2d05934b1022,Culture Beat,Mr. Vain,2022-07-06T03:33:47+02:00
14abcb8e-3ddf-4a41-4457-61e23a9cf97c,Roxette,Sleeping In My Car,2022-07-06T03:30:19+02:00
f2e93345-f9ba-4e7c-35ae-07004e3dc521,Falco,Egoist,2022-07-06T03:26:28+02:00
e4b59158-4d6e-450a-1603-46b7f08b5251,Dr. Alban,It's My Life,2022-07-06T03:22:37+02:00
bc672a21-b738-4057-68e8-2e44e8687dba,Joe Public,Live and Learn,2022-07-06T03:18:15+02:00
8fe2544a-30f3-47d5-b343-7d94861d489c,Bon Jovi,Always,2022-07-06T03:13:37+02:00
ef872f7d-fd07-4736-f955-5d3139348856,Haddaway,What Is Love,2022-07-06T03:08:43+02:00
2aecd08a-b655-4188-1bbf-9d2f28d69b5e,Alanis Morissette,Ironic,2022-07-06T03:05:10+02:00
262a6262-2adc-4486-6ccd-78febb027462,Snap!,The First the Last Eternity (Till the End) (feat. Summer) (GDC Mix),2022-07-06T03:01:20+02:00
72de498f-53f6-426d-28de-460e442f3534,Vengaboys,We’re Going to Ibiza!,2022-07-06T02:57:10+02:00
fc60a482-83dd-4f6a-7624-8cb9c1628445,Take That,Back for Good,2022-07-06T02:53:07+02:00
444b248b-b3b1-4bcf-451a-43c23d6a3b73,Dawn Penn,"You Don't Love Me (No, No, No)",2022-07-06T02:50:03+02:00
3c87d868-15c5-43bc-4c41-a777a1052ce7,Reel 2 Real,I Like to Move It,2022-07-06T02:45:51+02:00
c0cfccef-24a5-4146-eaa6-9aa5e176daeb,Genesis,I Can't Dance,2022-07-06T02:41:51+02:00
69beafac-eed2-4abb-9792-cc1f09cf6007,Ricky Martin,Livin' la Vida Loca,2022-07-06T02:37:54+02:00
136b5f5e-0785-4c21-30ff-3dcd62994342,The Cure,Friday I'm In Love,2022-07-06T02:34:45+02:00
bd4a0cc7-c503-4615-fcf2-65943072cbd0,Moby,Why Does My Heart Feel So Bad?,2022-07-06T02:31:12+02:00
924e936d-8de8-4c14-fcae-51f312af43c1,Michael Jackson,Who Is It,2022-07-06T02:26:49+02:00
f15416bd-02e2-4c31-818d-0bed1e15b8b3,No Doubt,Don't Speak,2022-07-06T02:22:42+02:00
2bdc5473-a250-4b43-d15d-224d0ddb9543,DJ Bobo,Let the Dream Come True,2022-07-06T02:18:18+02:00
238f9d7a-04c1-46f0-4b42-b1ee1d31c906,Madonna,Vogue,2022-07-06T02:12:49+02:00
0b010966-143a-4f3c-93af-6681b309b6de,Seal,Kiss from a Rose,2022-07-06T02:08:07+02:00
18a66355-4f96-495b-ffb9-7b22213169ba,Ten Sharp,You,2022-07-06T02:03:57+02:00
44131cc3-611a-472b-6ddf-e53f1ae50dc5,M People,One Night In Heaven,2022-07-06T02:00:23+02:00
cacd79a9-6b44-49dd-b03a-c28a645a7d28,Natalie Imbruglia,Torn,2022-07-06T01:56:00+02:00
ad9b0315-4c56-49d5-f694-12f460cfe6d2,Lucilectric,Mädchen,2022-07-06T01:52:32+02:00
65e4706b-d4b4-456b-f4ae-75e64946f2b2,Liquido,Narcotic,2022-07-06T01:48:17+02:00
b05e693b-30d3-444e-2752-3b92870269f1,Army of Lovers,Crucified,2022-07-06T01:44:56+02:00
697bb344-8982-420c-3fb2-dd7624f25a79,Bloodhound Gang,The Bad Touch,2022-07-06T01:40:51+02:00
3a7a11d9-cda3-4717-f0a8-3a85d449e063,Ini Kamoze,Here Comes the Hotstepper,2022-07-06T01:36:32+02:00
11c081ce-0fb2-46a8-db0c-4a2ec24cce88,Puff Daddy & Faith Evans,I'll Be Missing You (feat. 112),2022-07-06T01:31:43+02:00
03baef38-06f6-4532-ca5b-373771735283,Enrique Iglesias,Rhythm Divine,2022-07-06T01:23:36+02:00
6df2fbb6-9749-4cd3-b053-eeeb1b815a3f,Sixpence None the Richer,Kiss Me,2022-07-06T01:20:13+02:00
07da3b51-18ad-4a32-cd8e-4c4d692a7072,Bellini,Samba De Janeiro,2022-07-06T01:17:00+02:00
19a494d6-08df-46d8-32f7-c0a85768e33d,Captain Hollywood Project,More and More,2022-07-06T01:09:18+02:00
51b9a258-3aa2-478b-b787-d16b2ef5b01e,Janet Jackson,Whoops Now,2022-07-06T01:06:06+02:00
586c4ee4-080f-42d1-3ba8-06e655a38694,C-Block,Time Is Tickin,2022-07-06T01:02:11+02:00
a4845737-5bc4-429e-28fa-ef616c317e53,Roxette,Fading Like a Flower (Every Time You Leave),2022-07-06T00:58:04+02:00
65b3af4d-e212-48c3-c344-1b7cc08254e3,Loona,Bailando,2022-07-06T00:54:34+02:00
54b73429-fca1-4c23-f44e-97871d78ab3c,Michael Jackson,Earth Song,2022-07-06T00:49:45+02:00
a8329806-04a0-4559-14bb-7c5340ff0b50,Masterboy,Land of Dreaming,2022-07-06T00:42:21+02:00
b4e9991d-d347-4158-7863-9d344c5bf238,Fugees,Ready or Not,2022-07-06T00:38:44+02:00
4c1fd0db-ca62-4457-50d8-cd8a40fa8ac7,Rollergirl,Dear Jessie,2022-07-06T00:35:31+02:00
a448aa5f-acfd-47e3-ebc1-7358e5b730f6,Backstreet Boys,Quit Playing Games (With My Heart),2022-07-06T00:31:44+02:00
587c4347-811a-423b-5785-892f2ec72c07,Pharao,There Is A Star (Radiostar Videomix),2022-07-06T00:27:34+02:00
b57e54da-a1bc-4dea-5a88-908e226cd156,Lisa Stansfield,Change,2022-07-06T00:23:38+02:00
b563207c-5bce-4c3f-46b9-666745a1ecf9,Soul Asylum,Runaway Train,2022-07-06T00:19:19+02:00
c3cd4f7d-899f-470a-c16d-447e618ee360,CeCe Peniston,ly,2022-07-06T00:15:14+02:00
2bcd4385-a6b2-43f8-63f1-b0101b616c8b,Emilia,Big Big World,2022-07-06T00:12:00+02:00
17dfa8a7-d1d8-4d7a-b4b2-8c66987dd3ec,Bürger Lars Dietrich,Sexy Eis,2022-07-06T00:08:00+02:00
92478582-6421-4344-1413-a73b1585c63f,Depeche Mode,Enjoy the Silence,2022-07-06T00:03:58+02:00
c5e98ce8-dfa2-417c-4b13-53a9996e3fc9,TLC,Unpretty,2022-07-06T00:00:03+02:00
